,Test Data,Train Data
explained_variance,0.758715955862626,0.8721936651270228
mae,2.33215352772402,1.8869704676743244
mse,6.220515000124243,3.8897585159852617
r2_score,0.7584904408337549,0.8721936651270228
